City,State,Song,lat,long
Nashville,Tennessee,Crazy Town,36.1622767,-86.7742984
Nashville,Tennessee,Congregation,36.1622767,-86.7742984
Nashville,Tennessee,"Devil, Devil (Prelude: Princess Of Darkness)",36.1622767,-86.7742984
Nashville,Tennessee,Down on Music Row,36.1622767,-86.7742984
Nashville,Tennessee,Dream Dream Dream,36.1622767,-86.7742984
Nashville,Tennessee,East Nashville Skyline,36.1622767,-86.7742984
Nashville,Tennessee,Guitar Town,36.1622767,-86.7742984
Nashville,Tennessee,Greetings From Nashville,36.1622767,-86.7742984
Nashville,Tennessee,Home,36.1622767,-86.7742984
Nashville,Tennessee,It Can't Be Nashville Every Night,36.1622767,-86.7742984
Nashville,Tennessee,I Love This Town,36.1622767,-86.7742984
Nashville,Tennessee,I Want,36.1622767,-86.7742984
Nashville,Tennessee,Let's Go Burn Ole Nashville Down,36.1622767,-86.7742984
Nashville,Tennessee,Lullaby,36.1622767,-86.7742984
Nashville,Tennessee,Nashville,36.1622767,-86.7742984
Nashville,Tennessee,Nashville,36.1622767,-86.7742984
Nashville,Tennessee,Nashville,36.1622767,-86.7742984
Nashville,Tennessee,Nashville,36.1622767,-86.7742984
Nashville,Tennessee,Nashville #1,36.1622767,-86.7742984
Nashville,Tennessee,Nashville Blues,36.1622767,-86.7742984
Nashville,Tennessee,Nashville Blues,36.1622767,-86.7742984
Nashville,Tennessee,Nashville Bum,36.1622767,-86.7742984
Nashville,Tennessee,Nashville Cats,36.1622767,-86.7742984
Nashville,Tennessee,Nashville Grey Skies,36.1622767,-86.7742984
Nashville,Tennessee,Nashville Parthenon,36.1622767,-86.7742984
Nashville,Tennessee,The Nashville Scene,36.1622767,-86.7742984
Nashville,Tennessee,Nashville Rash,36.1622767,-86.7742984
Nashville,Tennessee,Nashville Skyline Rag,36.1622767,-86.7742984
Nashville,Tennessee,Nashville West,36.1622767,-86.7742984
Nashville,Tennessee,Nashville Winter,36.1622767,-86.7742984
Nashville,Tennessee,Nashville Without You,36.1622767,-86.7742984
Nashville,Tennessee,Never Goin' Back To Nashville,36.1622767,-86.7742984
Nashville,Tennessee,No No Song,36.1622767,-86.7742984
Nashville,Tennessee,Magic Town,36.1622767,-86.7742984
Nashville,Tennessee,Murder On Music Row,36.1622767,-86.7742984
Nashville,Tennessee,Sally G,36.1622767,-86.7742984
Nashville,Tennessee,South Nashville Blues,36.1622767,-86.7742984
Nashville,Tennessee,Strings of Nashville,36.1622767,-86.7742984
Nashville,Tennessee,Sundown in Nashville,36.1622767,-86.7742984
Nashville,Tennessee,Welcome to Nashville,36.1622767,-86.7742984
Nashville,Tennessee,West Coast Kid,36.1622767,-86.7742984
Nashville,Tennessee,West Nashville Boogie,36.1622767,-86.7742984
Nashville,Tennessee,West Nashville Grand Ballroom Gown,36.1622767,-86.7742984
Nashville,Tennessee,Woke up in Nashville,36.1622767,-86.7742984
